<?xml version="1.0" encoding="UTF-8" ?>
<!DOCTYPE mapper PUBLIC "-//mybatis.org//DTD Mapper 3.0//EN" "http://mybatis.org/dtd/mybatis-3-mapper.dtd" >
<mapper namespace="org.javaboy.vhr.mapper.AdjustSalaryMapper" >
  <resultMap id="BaseResultMap" type="org.javaboy.vhr.bean.AdjustSalary" >
    <id column="id" property="id" jdbcType="INTEGER" />
    <result column="eid" property="eid" jdbcType="INTEGER" />
    <result column="asDate" property="asdate" jdbcType="DATE" />
    <result column="beforeSalary" property="beforesalary" jdbcType="INTEGER" />
    <result column="afterSalary" property="aftersalary" jdbcType="INTEGER" />
    <result column="reason" property="reason" jdbcType="VARCHAR" />
    <result column="remark" property="remark" jdbcType="VARCHAR" />
  </resultMap>
  <sql id="Base_Column_List" >
    id, eid, asDate, beforeSalary, afterSalary, reason, remark
  </sql>
  <select id="selectByPrimaryKey" resultMap="BaseResultMap" parameterType="java.lang.Integer" >
    select 
    <include refid="Base_Column_List" />
    from adjustsalary
    where id = #{id,jdbcType=INTEGER}
  </select>
  <delete id="deleteByPrimaryKey" parameterType="java.lang.Integer" >
    delete from adjustsalary
    where id = #{id,jdbcType=INTEGER}
  </delete>
  <insert id="insert" parameterType="org.javaboy.vhr.bean.AdjustSalary" >
    insert into adjustsalary (id, eid, asDate, 
      beforeSalary, afterSalary, reason, 
      remark)
    values (#{id,jdbcType=INTEGER}, #{eid,jdbcType=INTEGER}, #{asdate,jdbcType=DATE}, 
      #{beforesalary,jdbcType=INTEGER}, #{aftersalary,jdbcType=INTEGER}, #{reason,jdbcType=VARCHAR}, 
      #{remark,jdbcType=VARCHAR})
  </insert>
  <insert id="insertSelective" parameterType="org.javaboy.vhr.bean.AdjustSalary" >
    insert into adjustsalary
    <trim prefix="(" suffix=")" suffixOverrides="," >
      <if test="id != null" >
        id,
      </if>
      <if test="eid != null" >
        eid,
      </if>
      <if test="asdate != null" >
        asDate,
      </if>
      <if test="beforesalary != null" >
        beforeSalary,
      </if>
      <if test="aftersalary != null" >
        afterSalary,
      </if>
      <if test="reason != null" >
        reason,
      </if>
      <if test="remark != null" >
        remark,
      </if>
    </trim>
    <trim prefix="values (" suffix=")" suffixOverrides="," >
      <if test="id != null" >
        #{id,jdbcType=INTEGER},
      </if>
      <if test="eid != null" >
        #{eid,jdbcType=INTEGER},
      </if>
      <if test="asdate != null" >
        #{asdate,jdbcType=DATE},
      </if>
      <if test="beforesalary != null" >
        #{beforesalary,jdbcType=INTEGER},
      </if>
      <if test="aftersalary != null" >
        #{aftersalary,jdbcType=INTEGER},
      </if>
      <if test="reason != null" >
        #{reason,jdbcType=VARCHAR},
      </if>
      <if test="remark != null" >
        #{remark,jdbcType=VARCHAR},
      </if>
    </trim>
  </insert>
  <update id="updateByPrimaryKeySelective" parameterType="org.javaboy.vhr.bean.AdjustSalary" >
    update adjustsalary
    <set >
      <if test="eid != null" >
        eid = #{eid,jdbcType=INTEGER},
      </if>
      <if test="asdate != null" >
        asDate = #{asdate,jdbcType=DATE},
      </if>
      <if test="beforesalary != null" >
        beforeSalary = #{beforesalary,jdbcType=INTEGER},
      </if>
      <if test="aftersalary != null" >
        afterSalary = #{aftersalary,jdbcType=INTEGER},
      </if>
      <if test="reason != null" >
        reason = #{reason,jdbcType=VARCHAR},
      </if>
      <if test="remark != null" >
        remark = #{remark,jdbcType=VARCHAR},
      </if>
    </set>
    where id = #{id,jdbcType=INTEGER}
  </update>
  <update id="updateByPrimaryKey" parameterType="org.javaboy.vhr.bean.AdjustSalary" >
    update adjustsalary
    set eid = #{eid,jdbcType=INTEGER},
      asDate = #{asdate,jdbcType=DATE},
      beforeSalary = #{beforesalary,jdbcType=INTEGER},
      afterSalary = #{aftersalary,jdbcType=INTEGER},
      reason = #{reason,jdbcType=VARCHAR},
      remark = #{remark,jdbcType=VARCHAR}
    where id = #{id,jdbcType=INTEGER}
  </update>
</mapper>