<?xml version="1.0" encoding="UTF-8" ?>
<!DOCTYPE mapper PUBLIC "-//mybatis.org//DTD Mapper 3.0//EN" "http://mybatis.org/dtd/mybatis-3-mapper.dtd" >
<mapper namespace="org.javaboy.vhr.mapper.EmployeetrainMapper" >
  <resultMap id="BaseResultMap" type="org.javaboy.vhr.bean.Employeetrain" >
    <id column="id" property="id" jdbcType="INTEGER" />
    <result column="eid" property="eid" jdbcType="INTEGER" />
    <result column="trainDate" property="traindate" jdbcType="DATE" />
    <result column="trainContent" property="traincontent" jdbcType="VARCHAR" />
    <result column="remark" property="remark" jdbcType="VARCHAR" />
  </resultMap>
  <sql id="Base_Column_List" >
    id, eid, trainDate, trainContent, remark
  </sql>
  <select id="selectByPrimaryKey" resultMap="BaseResultMap" parameterType="java.lang.Integer" >
    select 
    <include refid="Base_Column_List" />
    from employeetrain
    where id = #{id,jdbcType=INTEGER}
  </select>
  <delete id="deleteByPrimaryKey" parameterType="java.lang.Integer" >
    delete from employeetrain
    where id = #{id,jdbcType=INTEGER}
  </delete>
  <insert id="insert" parameterType="org.javaboy.vhr.bean.Employeetrain" >
    insert into employeetrain (id, eid, trainDate, 
      trainContent, remark)
    values (#{id,jdbcType=INTEGER}, #{eid,jdbcType=INTEGER}, #{traindate,jdbcType=DATE}, 
      #{traincontent,jdbcType=VARCHAR}, #{remark,jdbcType=VARCHAR})
  </insert>
  <insert id="insertSelective" parameterType="org.javaboy.vhr.bean.Employeetrain" >
    insert into employeetrain
    <trim prefix="(" suffix=")" suffixOverrides="," >
      <if test="id != null" >
        id,
      </if>
      <if test="eid != null" >
        eid,
      </if>
      <if test="traindate != null" >
        trainDate,
      </if>
      <if test="traincontent != null" >
        trainContent,
      </if>
      <if test="remark != null" >
        remark,
      </if>
    </trim>
    <trim prefix="values (" suffix=")" suffixOverrides="," >
      <if test="id != null" >
        #{id,jdbcType=INTEGER},
      </if>
      <if test="eid != null" >
        #{eid,jdbcType=INTEGER},
      </if>
      <if test="traindate != null" >
        #{traindate,jdbcType=DATE},
      </if>
      <if test="traincontent != null" >
        #{traincontent,jdbcType=VARCHAR},
      </if>
      <if test="remark != null" >
        #{remark,jdbcType=VARCHAR},
      </if>
    </trim>
  </insert>
  <update id="updateByPrimaryKeySelective" parameterType="org.javaboy.vhr.bean.Employeetrain" >
    update employeetrain
    <set >
      <if test="eid != null" >
        eid = #{eid,jdbcType=INTEGER},
      </if>
      <if test="traindate != null" >
        trainDate = #{traindate,jdbcType=DATE},
      </if>
      <if test="traincontent != null" >
        trainContent = #{traincontent,jdbcType=VARCHAR},
      </if>
      <if test="remark != null" >
        remark = #{remark,jdbcType=VARCHAR},
      </if>
    </set>
    where id = #{id,jdbcType=INTEGER}
  </update>
  <update id="updateByPrimaryKey" parameterType="org.javaboy.vhr.bean.Employeetrain" >
    update employeetrain
    set eid = #{eid,jdbcType=INTEGER},
      trainDate = #{traindate,jdbcType=DATE},
      trainContent = #{traincontent,jdbcType=VARCHAR},
      remark = #{remark,jdbcType=VARCHAR}
    where id = #{id,jdbcType=INTEGER}
  </update>
</mapper>