<?xml version="1.0" encoding="UTF-8" ?>
<!DOCTYPE mapper PUBLIC "-//mybatis.org//DTD Mapper 3.0//EN" "http://mybatis.org/dtd/mybatis-3-mapper.dtd" >
<mapper namespace="org.javaboy.vhr.mapper.JObLevelMapper" >
  <resultMap id="BaseResultMap" type="org.javaboy.vhr.bean.JObLevel" >
    <id column="id" property="id" jdbcType="INTEGER" />
    <result column="name" property="name" jdbcType="VARCHAR" />
    <result column="titleLevel" property="titlelevel" jdbcType="CHAR" />
    <result column="createDate" property="createdate" jdbcType="TIMESTAMP" />
    <result column="enabled" property="enabled" jdbcType="BIT" />
  </resultMap>
  <sql id="Base_Column_List" >
    id, name, titleLevel, createDate, enabled
  </sql>
  <select id="selectByPrimaryKey" resultMap="BaseResultMap" parameterType="java.lang.Integer" >
    select 
    <include refid="Base_Column_List" />
    from joblevel
    where id = #{id,jdbcType=INTEGER}
  </select>
  <delete id="deleteByPrimaryKey" parameterType="java.lang.Integer" >
    delete from joblevel
    where id = #{id,jdbcType=INTEGER}
  </delete>
  <insert id="insert" parameterType="org.javaboy.vhr.bean.JObLevel" >
    insert into joblevel (id, name, titleLevel, 
      createDate, enabled)
    values (#{id,jdbcType=INTEGER}, #{name,jdbcType=VARCHAR}, #{titlelevel,jdbcType=CHAR}, 
      #{createdate,jdbcType=TIMESTAMP}, #{enabled,jdbcType=BIT})
  </insert>
  <insert id="insertSelective" parameterType="org.javaboy.vhr.bean.JObLevel" >
    insert into joblevel
    <trim prefix="(" suffix=")" suffixOverrides="," >
      <if test="id != null" >
        id,
      </if>
      <if test="name != null" >
        name,
      </if>
      <if test="titlelevel != null" >
        titleLevel,
      </if>
      <if test="createdate != null" >
        createDate,
      </if>
      <if test="enabled != null" >
        enabled,
      </if>
    </trim>
    <trim prefix="values (" suffix=")" suffixOverrides="," >
      <if test="id != null" >
        #{id,jdbcType=INTEGER},
      </if>
      <if test="name != null" >
        #{name,jdbcType=VARCHAR},
      </if>
      <if test="titlelevel != null" >
        #{titlelevel,jdbcType=CHAR},
      </if>
      <if test="createdate != null" >
        #{createdate,jdbcType=TIMESTAMP},
      </if>
      <if test="enabled != null" >
        #{enabled,jdbcType=BIT},
      </if>
    </trim>
  </insert>
  <update id="updateByPrimaryKeySelective" parameterType="org.javaboy.vhr.bean.JObLevel" >
    update joblevel
    <set >
      <if test="name != null" >
        name = #{name,jdbcType=VARCHAR},
      </if>
      <if test="titlelevel != null" >
        titleLevel = #{titlelevel,jdbcType=CHAR},
      </if>
      <if test="createdate != null" >
        createDate = #{createdate,jdbcType=TIMESTAMP},
      </if>
      <if test="enabled != null" >
        enabled = #{enabled,jdbcType=BIT},
      </if>
    </set>
    where id = #{id,jdbcType=INTEGER}
  </update>
  <update id="updateByPrimaryKey" parameterType="org.javaboy.vhr.bean.JObLevel" >
    update joblevel
    set name = #{name,jdbcType=VARCHAR},
      titleLevel = #{titlelevel,jdbcType=CHAR},
      createDate = #{createdate,jdbcType=TIMESTAMP},
      enabled = #{enabled,jdbcType=BIT}
    where id = #{id,jdbcType=INTEGER}
  </update>
</mapper>