<?xml version="1.0" encoding="UTF-8" ?>
<!DOCTYPE mapper PUBLIC "-//mybatis.org//DTD Mapper 3.0//EN" "http://mybatis.org/dtd/mybatis-3-mapper.dtd" >
<mapper namespace="org.javaboy.vhr.mapper.MenuMapper" >
  <resultMap id="BaseResultMap" type="org.javaboy.vhr.bean.Menu" >
    <id column="id" property="id" jdbcType="INTEGER" />
    <result column="url" property="url" jdbcType="VARCHAR" />
    <result column="path" property="path" jdbcType="VARCHAR" />
    <result column="component" property="component" jdbcType="VARCHAR" />
    <result column="name" property="name" jdbcType="VARCHAR" />
    <result column="iconCls" property="iconcls" jdbcType="VARCHAR" />
    <result column="keepAlive" property="keepalive" jdbcType="BIT" />
    <result column="requireAuth" property="requireauth" jdbcType="BIT" />
    <result column="parentId" property="parentid" jdbcType="INTEGER" />
    <result column="enabled" property="enabled" jdbcType="BIT" />
  </resultMap>
  <sql id="Base_Column_List" >
    id, url, path, component, name, iconCls, keepAlive, requireAuth, parentId, enabled
  </sql>
  <select id="selectByPrimaryKey" resultMap="BaseResultMap" parameterType="java.lang.Integer" >
    select 
    <include refid="Base_Column_List" />
    from menu
    where id = #{id,jdbcType=INTEGER}
  </select>
  <delete id="deleteByPrimaryKey" parameterType="java.lang.Integer" >
    delete from menu
    where id = #{id,jdbcType=INTEGER}
  </delete>
  <insert id="insert" parameterType="org.javaboy.vhr.bean.Menu" >
    insert into menu (id, url, path, 
      component, name, iconCls, 
      keepAlive, requireAuth, parentId, 
      enabled)
    values (#{id,jdbcType=INTEGER}, #{url,jdbcType=VARCHAR}, #{path,jdbcType=VARCHAR}, 
      #{component,jdbcType=VARCHAR}, #{name,jdbcType=VARCHAR}, #{iconcls,jdbcType=VARCHAR}, 
      #{keepalive,jdbcType=BIT}, #{requireauth,jdbcType=BIT}, #{parentid,jdbcType=INTEGER}, 
      #{enabled,jdbcType=BIT})
  </insert>
  <insert id="insertSelective" parameterType="org.javaboy.vhr.bean.Menu" >
    insert into menu
    <trim prefix="(" suffix=")" suffixOverrides="," >
      <if test="id != null" >
        id,
      </if>
      <if test="url != null" >
        url,
      </if>
      <if test="path != null" >
        path,
      </if>
      <if test="component != null" >
        component,
      </if>
      <if test="name != null" >
        name,
      </if>
      <if test="iconcls != null" >
        iconCls,
      </if>
      <if test="keepalive != null" >
        keepAlive,
      </if>
      <if test="requireauth != null" >
        requireAuth,
      </if>
      <if test="parentid != null" >
        parentId,
      </if>
      <if test="enabled != null" >
        enabled,
      </if>
    </trim>
    <trim prefix="values (" suffix=")" suffixOverrides="," >
      <if test="id != null" >
        #{id,jdbcType=INTEGER},
      </if>
      <if test="url != null" >
        #{url,jdbcType=VARCHAR},
      </if>
      <if test="path != null" >
        #{path,jdbcType=VARCHAR},
      </if>
      <if test="component != null" >
        #{component,jdbcType=VARCHAR},
      </if>
      <if test="name != null" >
        #{name,jdbcType=VARCHAR},
      </if>
      <if test="iconcls != null" >
        #{iconcls,jdbcType=VARCHAR},
      </if>
      <if test="keepalive != null" >
        #{keepalive,jdbcType=BIT},
      </if>
      <if test="requireauth != null" >
        #{requireauth,jdbcType=BIT},
      </if>
      <if test="parentid != null" >
        #{parentid,jdbcType=INTEGER},
      </if>
      <if test="enabled != null" >
        #{enabled,jdbcType=BIT},
      </if>
    </trim>
  </insert>
  <update id="updateByPrimaryKeySelective" parameterType="org.javaboy.vhr.bean.Menu" >
    update menu
    <set >
      <if test="url != null" >
        url = #{url,jdbcType=VARCHAR},
      </if>
      <if test="path != null" >
        path = #{path,jdbcType=VARCHAR},
      </if>
      <if test="component != null" >
        component = #{component,jdbcType=VARCHAR},
      </if>
      <if test="name != null" >
        name = #{name,jdbcType=VARCHAR},
      </if>
      <if test="iconcls != null" >
        iconCls = #{iconcls,jdbcType=VARCHAR},
      </if>
      <if test="keepalive != null" >
        keepAlive = #{keepalive,jdbcType=BIT},
      </if>
      <if test="requireauth != null" >
        requireAuth = #{requireauth,jdbcType=BIT},
      </if>
      <if test="parentid != null" >
        parentId = #{parentid,jdbcType=INTEGER},
      </if>
      <if test="enabled != null" >
        enabled = #{enabled,jdbcType=BIT},
      </if>
    </set>
    where id = #{id,jdbcType=INTEGER}
  </update>
  <update id="updateByPrimaryKey" parameterType="org.javaboy.vhr.bean.Menu" >
    update menu
    set url = #{url,jdbcType=VARCHAR},
      path = #{path,jdbcType=VARCHAR},
      component = #{component,jdbcType=VARCHAR},
      name = #{name,jdbcType=VARCHAR},
      iconCls = #{iconcls,jdbcType=VARCHAR},
      keepAlive = #{keepalive,jdbcType=BIT},
      requireAuth = #{requireauth,jdbcType=BIT},
      parentId = #{parentid,jdbcType=INTEGER},
      enabled = #{enabled,jdbcType=BIT}
    where id = #{id,jdbcType=INTEGER}
  </update>
</mapper>