<?xml version="1.0" encoding="UTF-8" ?>
<!DOCTYPE mapper PUBLIC "-//mybatis.org//DTD Mapper 3.0//EN" "http://mybatis.org/dtd/mybatis-3-mapper.dtd" >
<mapper namespace="org.javaboy.vhr.mapper.MsgContentMapper" >
  <resultMap id="BaseResultMap" type="org.javaboy.vhr.bean.MsgContent" >
    <id column="id" property="id" jdbcType="INTEGER" />
    <result column="title" property="title" jdbcType="VARCHAR" />
    <result column="message" property="message" jdbcType="VARCHAR" />
    <result column="createDate" property="createdate" jdbcType="TIMESTAMP" />
  </resultMap>
  <sql id="Base_Column_List" >
    id, title, message, createDate
  </sql>
  <select id="selectByPrimaryKey" resultMap="BaseResultMap" parameterType="java.lang.Integer" >
    select 
    <include refid="Base_Column_List" />
    from msgcontent
    where id = #{id,jdbcType=INTEGER}
  </select>
  <delete id="deleteByPrimaryKey" parameterType="java.lang.Integer" >
    delete from msgcontent
    where id = #{id,jdbcType=INTEGER}
  </delete>
  <insert id="insert" parameterType="org.javaboy.vhr.bean.MsgContent" >
    insert into msgcontent (id, title, message, 
      createDate)
    values (#{id,jdbcType=INTEGER}, #{title,jdbcType=VARCHAR}, #{message,jdbcType=VARCHAR}, 
      #{createdate,jdbcType=TIMESTAMP})
  </insert>
  <insert id="insertSelective" parameterType="org.javaboy.vhr.bean.MsgContent" >
    insert into msgcontent
    <trim prefix="(" suffix=")" suffixOverrides="," >
      <if test="id != null" >
        id,
      </if>
      <if test="title != null" >
        title,
      </if>
      <if test="message != null" >
        message,
      </if>
      <if test="createdate != null" >
        createDate,
      </if>
    </trim>
    <trim prefix="values (" suffix=")" suffixOverrides="," >
      <if test="id != null" >
        #{id,jdbcType=INTEGER},
      </if>
      <if test="title != null" >
        #{title,jdbcType=VARCHAR},
      </if>
      <if test="message != null" >
        #{message,jdbcType=VARCHAR},
      </if>
      <if test="createdate != null" >
        #{createdate,jdbcType=TIMESTAMP},
      </if>
    </trim>
  </insert>
  <update id="updateByPrimaryKeySelective" parameterType="org.javaboy.vhr.bean.MsgContent" >
    update msgcontent
    <set >
      <if test="title != null" >
        title = #{title,jdbcType=VARCHAR},
      </if>
      <if test="message != null" >
        message = #{message,jdbcType=VARCHAR},
      </if>
      <if test="createdate != null" >
        createDate = #{createdate,jdbcType=TIMESTAMP},
      </if>
    </set>
    where id = #{id,jdbcType=INTEGER}
  </update>
  <update id="updateByPrimaryKey" parameterType="org.javaboy.vhr.bean.MsgContent" >
    update msgcontent
    set title = #{title,jdbcType=VARCHAR},
      message = #{message,jdbcType=VARCHAR},
      createDate = #{createdate,jdbcType=TIMESTAMP}
    where id = #{id,jdbcType=INTEGER}
  </update>
</mapper>