<?xml version="1.0" encoding="UTF-8" ?>
<!DOCTYPE mapper PUBLIC "-//mybatis.org//DTD Mapper 3.0//EN" "http://mybatis.org/dtd/mybatis-3-mapper.dtd" >
<mapper namespace="org.javaboy.vhr.mapper.SysMsgMapper" >
  <resultMap id="BaseResultMap" type="org.javaboy.vhr.bean.SysMsg" >
    <id column="id" property="id" jdbcType="INTEGER" />
    <result column="mid" property="mid" jdbcType="INTEGER" />
    <result column="type" property="type" jdbcType="INTEGER" />
    <result column="hrid" property="hrid" jdbcType="INTEGER" />
    <result column="state" property="state" jdbcType="INTEGER" />
  </resultMap>
  <sql id="Base_Column_List" >
    id, mid, type, hrid, state
  </sql>
  <select id="selectByPrimaryKey" resultMap="BaseResultMap" parameterType="java.lang.Integer" >
    select 
    <include refid="Base_Column_List" />
    from sysmsg
    where id = #{id,jdbcType=INTEGER}
  </select>
  <delete id="deleteByPrimaryKey" parameterType="java.lang.Integer" >
    delete from sysmsg
    where id = #{id,jdbcType=INTEGER}
  </delete>
  <insert id="insert" parameterType="org.javaboy.vhr.bean.SysMsg" >
    insert into sysmsg (id, mid, type, 
      hrid, state)
    values (#{id,jdbcType=INTEGER}, #{mid,jdbcType=INTEGER}, #{type,jdbcType=INTEGER}, 
      #{hrid,jdbcType=INTEGER}, #{state,jdbcType=INTEGER})
  </insert>
  <insert id="insertSelective" parameterType="org.javaboy.vhr.bean.SysMsg" >
    insert into sysmsg
    <trim prefix="(" suffix=")" suffixOverrides="," >
      <if test="id != null" >
        id,
      </if>
      <if test="mid != null" >
        mid,
      </if>
      <if test="type != null" >
        type,
      </if>
      <if test="hrid != null" >
        hrid,
      </if>
      <if test="state != null" >
        state,
      </if>
    </trim>
    <trim prefix="values (" suffix=")" suffixOverrides="," >
      <if test="id != null" >
        #{id,jdbcType=INTEGER},
      </if>
      <if test="mid != null" >
        #{mid,jdbcType=INTEGER},
      </if>
      <if test="type != null" >
        #{type,jdbcType=INTEGER},
      </if>
      <if test="hrid != null" >
        #{hrid,jdbcType=INTEGER},
      </if>
      <if test="state != null" >
        #{state,jdbcType=INTEGER},
      </if>
    </trim>
  </insert>
  <update id="updateByPrimaryKeySelective" parameterType="org.javaboy.vhr.bean.SysMsg" >
    update sysmsg
    <set >
      <if test="mid != null" >
        mid = #{mid,jdbcType=INTEGER},
      </if>
      <if test="type != null" >
        type = #{type,jdbcType=INTEGER},
      </if>
      <if test="hrid != null" >
        hrid = #{hrid,jdbcType=INTEGER},
      </if>
      <if test="state != null" >
        state = #{state,jdbcType=INTEGER},
      </if>
    </set>
    where id = #{id,jdbcType=INTEGER}
  </update>
  <update id="updateByPrimaryKey" parameterType="org.javaboy.vhr.bean.SysMsg" >
    update sysmsg
    set mid = #{mid,jdbcType=INTEGER},
      type = #{type,jdbcType=INTEGER},
      hrid = #{hrid,jdbcType=INTEGER},
      state = #{state,jdbcType=INTEGER}
    where id = #{id,jdbcType=INTEGER}
  </update>
</mapper>