<?xml version="1.0" encoding="UTF-8"?>
<!DOCTYPE generatorConfiguration
  PUBLIC "-//mybatis.org//DTD MyBatis Generator Configuration 1.0//EN"
  "http://mybatis.org/dtd/mybatis-generator-config_1_0.dtd">
<generatorConfiguration>

	<classPathEntry	location="mysql-connector-java-5.1.28.jar"/>
	<context id="DB2Tables"	targetRuntime="MyBatis3">
 <commentGenerator> 

                <property name="suppressAllComments" value="true" /> 

            </commentGenerator>  
		<jdbcConnection driverClass="com.mysql.jdbc.Driver" connectionURL="jdbc:mysql://127.0.0.1:3306/vhr" userId="root" password="root">
		</jdbcConnection>
		<javaTypeResolver>
			<property name="forceBigDecimals" value="false"/>
		</javaTypeResolver>

		<javaModelGenerator targetPackage="com.itbaizhan.bean" targetProject="src">
			<property name="enableSubPackages" value="true"/>
			<property name="trimStrings" value="true"/>
		</javaModelGenerator>

		<sqlMapGenerator targetPackage="com.itbaizhan.mapper" targetProject="src">
			<property name="enableSubPackages" value="true"/>
		</sqlMapGenerator>

		<javaClientGenerator type="XMLMAPPER" targetPackage="com.itbaizhan.mapper" targetProject="src">
			<property name="enableSubPackages" value="true"/>
		</javaClientGenerator>
	      <!--<table tableName="department" domainObjectName="Department" enableCountByExample="false" enableUpdateByExample="false" enableDeleteByExample="false" enableSelectByExample="false" selectByExampleQueryId="false"></table>
		 	    <table tableName="department" domainObjectName="Department" enableCountByExample="false" enableUpdateByExample="false" enableDeleteByExample="false" enableSelectByExample="false" selectByExampleQueryId="false"></table>
				 	     <table tableName="nation" domainObjectName="Nation" enableCountByExample="false" enableUpdateByExample="false" enableDeleteByExample="false" enableSelectByExample="false" selectByExampleQueryId="false"></table>
						 	     <table tableName="position" domainObjectName="Position" enableCountByExample="false" enableUpdateByExample="false" enableDeleteByExample="false" enableSelectByExample="false" selectByExampleQueryId="false"></table>
								 	     <table tableName="joblevel" domainObjectName="JobLevel" enableCountByExample="false" enableUpdateByExample="false" enableDeleteByExample="false" enableSelectByExample="false" selectByExampleQueryId="false"></table>	-->
	     <table tableName="tb_content_category" domainObjectName="TbContentCategory" enableCountByExample="false" enableUpdateByExample="false" enableDeleteByExample="false" enableSelectByExample="false" selectByExampleQueryId="false"></table>
	     <table tableName="tb_item" domainObjectName="TbItem" enableCountByExample="false" enableUpdateByExample="false" enableDeleteByExample="false" enableSelectByExample="false" selectByExampleQueryId="false"></table>
	     <table tableName="tb_item_cat" domainObjectName="TbItemCat" enableCountByExample="false" enableUpdateByExample="false" enableDeleteByExample="false" enableSelectByExample="false" selectByExampleQueryId="false"></table>
	     <table tableName="tb_item_desc" domainObjectName="TbItemDesc" enableCountByExample="false" enableUpdateByExample="false" enableDeleteByExample="false" enableSelectByExample="false" selectByExampleQueryId="false"></table>
	     <table tableName="tb_item_param" domainObjectName="TbItemParam" enableCountByExample="false" enableUpdateByExample="false" enableDeleteByExample="false" enableSelectByExample="false" selectByExampleQueryId="false"></table>
	     <table tableName="tb_item_param_item" domainObjectName="TbItemParamItem" enableCountByExample="false" enableUpdateByExample="false" enableDeleteByExample="false" enableSelectByExample="false" selectByExampleQueryId="false"></table>
	     <table tableName="tb_order" domainObjectName="TbOrder" enableCountByExample="false" enableUpdateByExample="false" enableDeleteByExample="false" enableSelectByExample="false" selectByExampleQueryId="false"></table>
	     <table tableName="tb_order_item" domainObjectName="TbOrderItem" enableCountByExample="false" enableUpdateByExample="false" enableDeleteByExample="false" enableSelectByExample="false" selectByExampleQueryId="false"></table>
	     <table tableName="tb_order_shipping" domainObjectName="TbOrderShipping" enableCountByExample="false" enableUpdateByExample="false" enableDeleteByExample="false" enableSelectByExample="false" selectByExampleQueryId="false"></table>		 
	     <table tableName="tb_user" domainObjectName="TbUser" enableCountByExample="false" enableUpdateByExample="false" enableDeleteByExample="false" enableSelectByExample="false" selectByExampleQueryId="false"></table>	 
		 <table tableName="tb_content" domainObjectName="TbContent" enableCountByExample="false" enableUpdateByExample="false" enableDeleteByExample="false" enableSelectByExample="false" selectByExampleQueryId="false"></table>
	</context>
</generatorConfiguration>
